[
    {
        "name": "repo1",
        "description": "Descrição do repositório 1",
        "html_url": "https://github.com/Laramelodamas/repo1",
        "stargazers_count": 10,
        "forks_count": 5
    },
    {
        "name": "repo2",
        "description": "Descrição do repositório 2",
        "html_url": "https://github.com/Laramelodamas/repo2",
        "stargazers_count": 15,
        "forks_count": 3
    },
    {
        "name": "repo3",
        "description": "Descrição do repositório 3",
        "html_url": "https://github.com/Laramelodamas/repo3",
        "stargazers_count": 8,
        "forks_count": 2
    },
    {
        "name": "repo4",
        "description": "Descrição do repositório 4",
        "html_url": "https://github.com/Laramelodamas/repo4",
        "stargazers_count": 20,
        "forks_count": 7
    }
]
